# --- Sample dataset

# --- !Ups

INSERT INTO `groups` (`id`, `name`, `profile_pic_id`, `description`, `created_at`, `updated_at`)
VALUES
	('47891b2a53f411e1b371040cced6719e', 'Frank Fantastic Group47891b2a53f411e1b371040cced6719e', '4f352adb2d26dd38be000001', 'Frank Awesome Group47891b2a53f411e1b371040cced6719e', '2012-02-10 14:34:03', '2012-02-10 14:34:03'),
	('47891bac53f411e1b371040cced6719e', 'Frank Fantastic Group47891bac53f411e1b371040cced6719e', '4f352adb2d26dd38be000003', 'Frank Awesome Group47891bac53f411e1b371040cced6719e', '2012-02-10 14:34:03', '2012-02-10 14:34:03'),
	('47891bd453f411e1b371040cced6719e', 'Frank Fantastic Group47891bd453f411e1b371040cced6719e', '4f352adb2d26dd38be000005', 'Frank Awesome Group47891bd453f411e1b371040cced6719e', '2012-02-10 14:34:03', '2012-02-10 14:34:03'),
	('47891bfc53f411e1b371040cced6719e', 'Frank Fantastic Group47891bfc53f411e1b371040cced6719e', '4f352adb2d26dd38be000007', 'Frank Awesome Group47891bfc53f411e1b371040cced6719e', '2012-02-10 14:34:03', '2012-02-10 14:34:03'),
	('47891c1a53f411e1b371040cced6719e', 'Frank Fantastic Group47891c1a53f411e1b371040cced6719e', '4f352adb2d26dd38be000009', 'Frank Awesome Group47891c1a53f411e1b371040cced6719e', '2012-02-10 14:34:03', '2012-02-10 14:34:03'),
	('47891c4253f411e1b371040cced6719e', 'Frank Fantastic Group47891c4253f411e1b371040cced6719e', '4f352adb2d26dd38be00000b', 'Frank Awesome Group47891c4253f411e1b371040cced6719e', '2012-02-10 14:34:03', '2012-02-10 14:34:03'),
	('47891c6053f411e1b371040cced6719e', 'Frank Fantastic Group47891c6053f411e1b371040cced6719e', '4f352adb2d26dd38be00000d', 'Frank Awesome Group47891c6053f411e1b371040cced6719e', '2012-02-10 14:34:03', '2012-02-10 14:34:03'),
	('47891cec53f411e1b371040cced6719e', 'Frank Fantastic Group47891cec53f411e1b371040cced6719e', '4f352adb2d26dd38be00000f', 'Frank Awesome Group47891cec53f411e1b371040cced6719e', '2012-02-10 14:34:03', '2012-02-10 14:34:03'),
	('47891d0a53f411e1b371040cced6719e', 'Frank Fantastic Group47891d0a53f411e1b371040cced6719e', '4f352adb2d26dd38be000011', 'Frank Awesome Group47891d0a53f411e1b371040cced6719e', '2012-02-10 14:34:03', '2012-02-10 14:34:03'),
	('47891d2853f411e1b371040cced6719e', 'Frank Fantastic Group47891d2853f411e1b371040cced6719e', '4f352adb2d26dd38be000013', 'Frank Awesome Group47891d2853f411e1b371040cced6719e', '2012-02-10 14:34:03', '2012-02-10 14:34:03');


INSERT INTO `users` (`id`, `name`, `email`, `profile_pic_id`, `points`, `credits`, `fb_token`, `created_at`, `updated_at`)
VALUES
	('47891d6453f411e1b371040cced6719e', 'Frank47891d6453f411e1b371040cced6719e', 'frank47891d6453f411e1b371040cced6719e@email.com', '4f352adb2d26dd38be000015', 62, 95, '47891d8c53f411e1b371040cced6719e', '2012-02-10 14:34:03', '2012-02-10 14:34:03'),
	('47891ee053f411e1b371040cced6719e', 'Frank47891ee053f411e1b371040cced6719e', 'frank47891ee053f411e1b371040cced6719e@email.com', '4f352adb2d26dd38be000017', 46, 6, '47891efe53f411e1b371040cced6719e', '2012-02-10 14:34:03', '2012-02-10 14:34:03'),
	('47891f2653f411e1b371040cced6719e', 'Frank47891f2653f411e1b371040cced6719e', 'frank47891f2653f411e1b371040cced6719e@email.com', '4f352adb2d26dd38be000019', 24, 80, '47891f3a53f411e1b371040cced6719e', '2012-02-10 14:34:03', '2012-02-10 14:34:03'),
	('47891f5853f411e1b371040cced6719e', 'Frank47891f5853f411e1b371040cced6719e', 'frank47891f5853f411e1b371040cced6719e@email.com', '4f352adb2d26dd38be00001b', 29, 73, '47891f6c53f411e1b371040cced6719e', '2012-02-10 14:34:03', '2012-02-10 14:34:03'),
	('47891f9453f411e1b371040cced6719e', 'Frank47891f9453f411e1b371040cced6719e', 'frank47891f9453f411e1b371040cced6719e@email.com', '4f352adb2d26dd38be00001d', 60, 61, '47891fa853f411e1b371040cced6719e', '2012-02-10 14:34:03', '2012-02-10 14:34:03'),
	('47891fc653f411e1b371040cced6719e', 'Frank47891fc653f411e1b371040cced6719e', 'frank47891fc653f411e1b371040cced6719e@email.com', '4f352adb2d26dd38be00001f', 12, 50, '47891fe453f411e1b371040cced6719e', '2012-02-10 14:34:03', '2012-02-10 14:34:03'),
	('4789200253f411e1b371040cced6719e', 'Frank4789200253f411e1b371040cced6719e', 'frank4789200253f411e1b371040cced6719e@email.com', '4f352adb2d26dd38be000021', 88, 25, '4789202053f411e1b371040cced6719e', '2012-02-10 14:34:03', '2012-02-10 14:34:03'),
	('4789203e53f411e1b371040cced6719e', 'Frank4789203e53f411e1b371040cced6719e', 'frank4789203e53f411e1b371040cced6719e@email.com', '4f352adb2d26dd38be000023', 89, 15, '4789205253f411e1b371040cced6719e', '2012-02-10 14:34:03', '2012-02-10 14:34:03'),
	('4789207053f411e1b371040cced6719e', 'Frank4789207053f411e1b371040cced6719e', 'frank4789207053f411e1b371040cced6719e@email.com', '4f352adb2d26dd38be000025', 4, 49, '4789208e53f411e1b371040cced6719e', '2012-02-10 14:34:03', '2012-02-10 14:34:03'),
	('478920ac53f411e1b371040cced6719e', 'Frank478920ac53f411e1b371040cced6719e', 'frank478920ac53f411e1b371040cced6719e@email.com', '4f352adb2d26dd38be000027', 53, 84, '478920c053f411e1b371040cced6719e', '2012-02-10 14:34:03', '2012-02-10 14:34:03');

INSERT INTO `users_groups` (`id`, `user_id`, `group_id`, `created_at`, `updated_at`)
VALUES
	(51, '47891d6453f411e1b371040cced6719e', '47891c6053f411e1b371040cced6719e', '2012-02-10 14:34:03', '2012-02-10 14:34:03'),
	(52, '47891ee053f411e1b371040cced6719e', '47891c6053f411e1b371040cced6719e', '2012-02-10 14:34:03', '2012-02-10 14:34:03'),
	(53, '47891f2653f411e1b371040cced6719e', '47891c6053f411e1b371040cced6719e', '2012-02-10 14:34:03', '2012-02-10 14:34:03'),
	(54, '47891f5853f411e1b371040cced6719e', '47891c6053f411e1b371040cced6719e', '2012-02-10 14:34:03', '2012-02-10 14:34:03'),
	(55, '47891f9453f411e1b371040cced6719e', '47891c6053f411e1b371040cced6719e', '2012-02-10 14:34:03', '2012-02-10 14:34:03'),
	(56, '47891fc653f411e1b371040cced6719e', '47891c6053f411e1b371040cced6719e', '2012-02-10 14:34:03', '2012-02-10 14:34:03'),
	(57, '4789200253f411e1b371040cced6719e', '47891c6053f411e1b371040cced6719e', '2012-02-10 14:34:03', '2012-02-10 14:34:03'),
	(58, '4789203e53f411e1b371040cced6719e', '47891c6053f411e1b371040cced6719e', '2012-02-10 14:34:03', '2012-02-10 14:34:03'),
	(59, '4789207053f411e1b371040cced6719e', '47891c6053f411e1b371040cced6719e', '2012-02-10 14:34:03', '2012-02-10 14:34:03'),
	(60, '478920ac53f411e1b371040cced6719e', '47891c6053f411e1b371040cced6719e', '2012-02-10 14:34:03', '2012-02-10 14:34:03');

INSERT INTO `users_posts` (`id`, `user_id`, `post_id`, `group_id`, `created_at`, `updated_at`)
VALUES
	(21, '4789200253f411e1b371040cced6719e', '4f352adb2d26dd38be000029', '47891c6053f411e1b371040cced6719e', '2012-02-10 14:34:03', '2012-02-10 14:34:03'),
	(22, '4789200253f411e1b371040cced6719e', '4f352adb2d26dd38be00002d', '47891c6053f411e1b371040cced6719e', '2012-02-10 14:34:03', '2012-02-10 14:34:03'),
	(23, '4789200253f411e1b371040cced6719e', '4f352adb2d26dd38be000031', '47891c6053f411e1b371040cced6719e', '2012-02-10 14:34:03', '2012-02-10 14:34:03'),
	(24, '4789200253f411e1b371040cced6719e', '4f352adb2d26dd38be000035', '47891c6053f411e1b371040cced6719e', '2012-02-10 14:34:03', '2012-02-10 14:34:03'),
	(25, '4789200253f411e1b371040cced6719e', '4f352adb2d26dd38be000039', '47891c6053f411e1b371040cced6719e', '2012-02-10 14:34:03', '2012-02-10 14:34:03'),
	(26, '4789200253f411e1b371040cced6719e', '4f352adb2d26dd38be00003d', '47891c6053f411e1b371040cced6719e', '2012-02-10 14:34:03', '2012-02-10 14:34:03'),
	(27, '4789200253f411e1b371040cced6719e', '4f352adb2d26dd38be000041', '47891c6053f411e1b371040cced6719e', '2012-02-10 14:34:03', '2012-02-10 14:34:03'),
	(28, '4789200253f411e1b371040cced6719e', '4f352adb2d26dd38be000045', '47891c6053f411e1b371040cced6719e', '2012-02-10 14:34:03', '2012-02-10 14:34:03'),
	(29, '4789200253f411e1b371040cced6719e', '4f352adb2d26dd38be000049', '47891c6053f411e1b371040cced6719e', '2012-02-10 14:34:03', '2012-02-10 14:34:03'),
	(30, '4789200253f411e1b371040cced6719e', '4f352adb2d26dd38be00004d', '47891c6053f411e1b371040cced6719e', '2012-02-10 14:34:03', '2012-02-10 14:34:03');
  
#--- !Downs
delete from users_posts;
delete from users_groups;
delete from users_followers;
delete from users;
delete from groups;
