# --- Sample dataset

# --- !Ups

INSERT INTO `groups` (`id`, `name`, `profile_pic_id`, `description`, `created_at`, `updated_at`)
VALUES
	('67326a8a500c11e1a2ce040cced6719e', 'Frank Fantastic Group67326a8a500c11e1a2ce040cced6719e', '4f2e9d5735e812173500003d', 'Frank Awesome Group67326a8a500c11e1a2ce040cced6719e', '2012-02-05 15:16:39', '2012-02-05 15:16:39'),
	('67326b0c500c11e1a2ce040cced6719e', 'Frank Fantastic Group67326b0c500c11e1a2ce040cced6719e', '4f2e9d5735e812173500003f', 'Frank Awesome Group67326b0c500c11e1a2ce040cced6719e', '2012-02-05 15:16:39', '2012-02-05 15:16:39'),
	('67326b2a500c11e1a2ce040cced6719e', 'Frank Fantastic Group67326b2a500c11e1a2ce040cced6719e', '4f2e9d5735e8121735000041', 'Frank Awesome Group67326b2a500c11e1a2ce040cced6719e', '2012-02-05 15:16:39', '2012-02-05 15:16:39'),
	('67326b5c500c11e1a2ce040cced6719e', 'Frank Fantastic Group67326b5c500c11e1a2ce040cced6719e', '4f2e9d5735e8121735000043', 'Frank Awesome Group67326b5c500c11e1a2ce040cced6719e', '2012-02-05 15:16:39', '2012-02-05 15:16:39'),
	('67326b7a500c11e1a2ce040cced6719e', 'Frank Fantastic Group67326b7a500c11e1a2ce040cced6719e', '4f2e9d5735e8121735000045', 'Frank Awesome Group67326b7a500c11e1a2ce040cced6719e', '2012-02-05 15:16:39', '2012-02-05 15:16:39'),
	('67326b98500c11e1a2ce040cced6719e', 'Frank Fantastic Group67326b98500c11e1a2ce040cced6719e', '4f2e9d5735e8121735000047', 'Frank Awesome Group67326b98500c11e1a2ce040cced6719e', '2012-02-05 15:16:39', '2012-02-05 15:16:39'),
	('67326bac500c11e1a2ce040cced6719e', 'Frank Fantastic Group67326bac500c11e1a2ce040cced6719e', '4f2e9d5735e8121735000049', 'Frank Awesome Group67326bac500c11e1a2ce040cced6719e', '2012-02-05 15:16:39', '2012-02-05 15:16:39'),
	('67326bca500c11e1a2ce040cced6719e', 'Frank Fantastic Group67326bca500c11e1a2ce040cced6719e', '4f2e9d5735e812173500004b', 'Frank Awesome Group67326bca500c11e1a2ce040cced6719e', '2012-02-05 15:16:39', '2012-02-05 15:16:39'),
	('67326be8500c11e1a2ce040cced6719e', 'Frank Fantastic Group67326be8500c11e1a2ce040cced6719e', '4f2e9d5735e812173500004d', 'Frank Awesome Group67326be8500c11e1a2ce040cced6719e', '2012-02-05 15:16:39', '2012-02-05 15:16:39'),
	('67326c1a500c11e1a2ce040cced6719e', 'Frank Fantastic Group67326c1a500c11e1a2ce040cced6719e', '4f2e9d5735e812173500004f', 'Frank Awesome Group67326c1a500c11e1a2ce040cced6719e', '2012-02-05 15:16:39', '2012-02-05 15:16:39');

INSERT INTO `users` (`id`, `name`, `email`, `profile_pic_id`, `points`, `credits`, `fb_token`, `created_at`, `updated_at`)
VALUES
	('67326c74500c11e1a2ce040cced6719e', 'Frank67326c74500c11e1a2ce040cced6719e', 'frank67326c74500c11e1a2ce040cced6719e@email.com', '4f2e9d5735e8121735000051', 11, 50, '67326c9c500c11e1a2ce040cced6719e', '2012-02-05 15:16:39', '2012-02-05 15:16:39'),
	('67326ce2500c11e1a2ce040cced6719e', 'Frank67326ce2500c11e1a2ce040cced6719e', 'frank67326ce2500c11e1a2ce040cced6719e@email.com', '4f2e9d5735e8121735000053', 6, 59, '67326cf6500c11e1a2ce040cced6719e', '2012-02-05 15:16:39', '2012-02-05 15:16:39'),
	('67326d1e500c11e1a2ce040cced6719e', 'Frank67326d1e500c11e1a2ce040cced6719e', 'frank67326d1e500c11e1a2ce040cced6719e@email.com', '4f2e9d5735e8121735000055', 2, 37, '67326d3c500c11e1a2ce040cced6719e', '2012-02-05 15:16:39', '2012-02-05 15:16:39'),
	('67326d5a500c11e1a2ce040cced6719e', 'Frank67326d5a500c11e1a2ce040cced6719e', 'frank67326d5a500c11e1a2ce040cced6719e@email.com', '4f2e9d5735e8121735000057', 78, 64, '67326d78500c11e1a2ce040cced6719e', '2012-02-05 15:16:39', '2012-02-05 15:16:39'),
	('67326da0500c11e1a2ce040cced6719e', 'Frank67326da0500c11e1a2ce040cced6719e', 'frank67326da0500c11e1a2ce040cced6719e@email.com', '4f2e9d5735e8121735000059', 51, 77, '67326db4500c11e1a2ce040cced6719e', '2012-02-05 15:16:39', '2012-02-05 15:16:39'),
	('67326ddc500c11e1a2ce040cced6719e', 'Frank67326ddc500c11e1a2ce040cced6719e', 'frank67326ddc500c11e1a2ce040cced6719e@email.com', '4f2e9d5735e812173500005b', 91, 79, '67326dfa500c11e1a2ce040cced6719e', '2012-02-05 15:16:39', '2012-02-05 15:16:39'),
	('67326e22500c11e1a2ce040cced6719e', 'Frank67326e22500c11e1a2ce040cced6719e', 'frank67326e22500c11e1a2ce040cced6719e@email.com', '4f2e9d5735e812173500005d', 82, 80, '67326e36500c11e1a2ce040cced6719e', '2012-02-05 15:16:39', '2012-02-05 15:16:39'),
	('67326e5e500c11e1a2ce040cced6719e', 'Frank67326e5e500c11e1a2ce040cced6719e', 'frank67326e5e500c11e1a2ce040cced6719e@email.com', '4f2e9d5735e812173500005f', 40, 95, '67326e72500c11e1a2ce040cced6719e', '2012-02-05 15:16:39', '2012-02-05 15:16:39'),
	('67326e9a500c11e1a2ce040cced6719e', 'Frank67326e9a500c11e1a2ce040cced6719e', 'frank67326e9a500c11e1a2ce040cced6719e@email.com', '4f2e9d5735e8121735000061', 30, 53, '67326eb8500c11e1a2ce040cced6719e', '2012-02-05 15:16:39', '2012-02-05 15:16:39'),
	('67326ed6500c11e1a2ce040cced6719e', 'Frank67326ed6500c11e1a2ce040cced6719e', 'frank67326ed6500c11e1a2ce040cced6719e@email.com', '4f2e9d5735e8121735000063', 77, 32, '67326ef4500c11e1a2ce040cced6719e', '2012-02-05 15:16:39', '2012-02-05 15:16:39');

INSERT INTO `users_groups` (`id`, `user_id`, `group_id`, `created_at`, `updated_at`)
VALUES
	(31, '67326c74500c11e1a2ce040cced6719e', '67326bac500c11e1a2ce040cced6719e', '2012-02-05 15:16:39', '2012-02-05 15:16:39'),
	(32, '67326ce2500c11e1a2ce040cced6719e', '67326bac500c11e1a2ce040cced6719e', '2012-02-05 15:16:39', '2012-02-05 15:16:39'),
	(33, '67326d1e500c11e1a2ce040cced6719e', '67326bac500c11e1a2ce040cced6719e', '2012-02-05 15:16:39', '2012-02-05 15:16:39'),
	(34, '67326d5a500c11e1a2ce040cced6719e', '67326bac500c11e1a2ce040cced6719e', '2012-02-05 15:16:39', '2012-02-05 15:16:39'),
	(35, '67326da0500c11e1a2ce040cced6719e', '67326bac500c11e1a2ce040cced6719e', '2012-02-05 15:16:39', '2012-02-05 15:16:39'),
	(36, '67326ddc500c11e1a2ce040cced6719e', '67326bac500c11e1a2ce040cced6719e', '2012-02-05 15:16:39', '2012-02-05 15:16:39'),
	(37, '67326e22500c11e1a2ce040cced6719e', '67326bac500c11e1a2ce040cced6719e', '2012-02-05 15:16:39', '2012-02-05 15:16:39'),
	(38, '67326e5e500c11e1a2ce040cced6719e', '67326bac500c11e1a2ce040cced6719e', '2012-02-05 15:16:39', '2012-02-05 15:16:39'),
	(39, '67326e9a500c11e1a2ce040cced6719e', '67326bac500c11e1a2ce040cced6719e', '2012-02-05 15:16:39', '2012-02-05 15:16:39'),
	(40, '67326ed6500c11e1a2ce040cced6719e', '67326bac500c11e1a2ce040cced6719e', '2012-02-05 15:16:39', '2012-02-05 15:16:39');
  
INSERT INTO `users_posts` (`id`, `user_id`, `post_id`, `group_id`, `created_at`, `updated_at`)
VALUES
	(1, '67326e22500c11e1a2ce040cced6719e', '67326f3a500c11e1a2ce040cced6719e', '67326bac500c11e1a2ce040cced6719e', '2012-02-05 15:16:39', '2012-02-05 15:16:39'),
	(2, '67326e22500c11e1a2ce040cced6719e', '67326f8a500c11e1a2ce040cced6719e', '67326bac500c11e1a2ce040cced6719e', '2012-02-05 15:16:39', '2012-02-05 15:16:39'),
	(3, '67326e22500c11e1a2ce040cced6719e', '67326fc6500c11e1a2ce040cced6719e', '67326bac500c11e1a2ce040cced6719e', '2012-02-05 15:16:39', '2012-02-05 15:16:39'),
	(4, '67326e22500c11e1a2ce040cced6719e', '67326ff8500c11e1a2ce040cced6719e', '67326bac500c11e1a2ce040cced6719e', '2012-02-05 15:16:39', '2012-02-05 15:16:39'),
	(5, '67326e22500c11e1a2ce040cced6719e', '67327034500c11e1a2ce040cced6719e', '67326bac500c11e1a2ce040cced6719e', '2012-02-05 15:16:39', '2012-02-05 15:16:39'),
	(6, '67326e22500c11e1a2ce040cced6719e', '67327066500c11e1a2ce040cced6719e', '67326bac500c11e1a2ce040cced6719e', '2012-02-05 15:16:39', '2012-02-05 15:16:39'),
	(7, '67326e22500c11e1a2ce040cced6719e', '67327098500c11e1a2ce040cced6719e', '67326bac500c11e1a2ce040cced6719e', '2012-02-05 15:16:39', '2012-02-05 15:16:39'),
	(8, '67326e22500c11e1a2ce040cced6719e', '673270ca500c11e1a2ce040cced6719e', '67326bac500c11e1a2ce040cced6719e', '2012-02-05 15:16:39', '2012-02-05 15:16:39'),
	(9, '67326e22500c11e1a2ce040cced6719e', '67327106500c11e1a2ce040cced6719e', '67326bac500c11e1a2ce040cced6719e', '2012-02-05 15:16:39', '2012-02-05 15:16:39'),
	(10, '67326e22500c11e1a2ce040cced6719e', '67327142500c11e1a2ce040cced6719e', '67326bac500c11e1a2ce040cced6719e', '2012-02-05 15:16:39', '2012-02-05 15:16:39');
  

#--- !Downs
delete from users_posts;
delete from users_groups;
delete from users_followers;
delete from users;
delete from groups;
